{
      "StatusCode": 200,
      "Body": {
            "Keys": [
                  "Latitude",
                  "Longitude",
                  "Months since 2001",
                  "Generic-EBV-1"
            ],
            "Raw": {
                  "Latitude": [
                        12.0,
                        12.0,
                        12.0,
                        12.0,
                        12.0,
                        12.0,
                        12.0,
                        12.0,
                        12.0,
                        12.0,
                        12.0,
                        12.0,
                        12.0,
                        12.0,
                        12.0,
                        12.0,
                        12.0,
                        12.0,
                        12.0,
                        12.0
                  ],
                  "Longitude": [
                        75.0,
                        75.5,
                        76.0,
                        76.5,
                        77.0,
                        77.5,
                        78.0,
                        78.5,
                        79.0,
                        79.5,
                        80.0,
                        80.5,
                        81.0,
                        81.5,
                        82.0,
                        82.5,
                        83.0,
                        83.5,
                        84.0,
                        84.5
                  ],
                  "Months since 2001": [
                        21.0,
                        21.0,
                        21.0,
                        21.0,
                        21.0,
                        21.0,
                        21.0,
                        21.0,
                        21.0,
                        21.0,
                        21.0,
                        21.0,
                        21.0,
                        21.0,
                        21.0,
                        21.0,
                        21.0,
                        21.0,
                        21.0,
                        21.0
                  ],
                  "Generic-EBV-1": [
                        -2.340348089020381,
                        -1.421217027974533,
                        2.1143971447823,
                        1.8933045999781908,
                        0.13042561822322019,
                        -0.10517711125794316,
                        -1.813934523822705,
                        -2.1955782844683847,
                        1.2947235735362588,
                        2.39274788675529,
                        0.4378957272239832,
                        -0.0076986570225673345,
                        -1.184446388849497,
                        -2.5696512893319103,
                        0.22574502105899358,
                        2.5978512423425997,
                        0.9429893466870286,
                        0.000614773851285888,
                        -0.6183900605821779,
                        -2.517926321089071
                  ]
            },
            "Time Series": {
                  "Generic-EBV-1": {
                        "21.0": -0.00031044290820500824,
                        "22.0": -0.00015267897646681488,
                        "23.0": 3.680888665664873e-05,
                        "24.0": -0.00014163528164227242,
                        "25.0": 6.282341510397392e-05,
                        "26.0": -0.00020158197584535864
                  }
            },
            "Heat Map": {
                  "21.0": {
                        "Latitude": [
                              12.0,
                              12.0,
                              12.0,
                              12.0,
                              12.0,
                              12.0,
                              12.0,
                              12.0,
                              12.0,
                              12.0,
                              12.0,
                              12.0,
                              12.0,
                              12.0,
                              12.0,
                              12.0,
                              12.0,
                              12.0,
                              12.0,
                              12.0
                        ],
                        "Longitude": [
                              75.0,
                              75.5,
                              76.0,
                              76.5,
                              77.0,
                              77.5,
                              78.0,
                              78.5,
                              79.0,
                              79.5,
                              80.0,
                              80.5,
                              81.0,
                              81.5,
                              82.0,
                              82.5,
                              83.0,
                              83.5,
                              84.0,
                              84.5
                        ],
                        "Generic-EBV-1": [
                              -2.340348089020381,
                              -1.421217027974533,
                              2.1143971447823,
                              1.8933045999781908,
                              0.13042561822322019,
                              -0.10517711125794316,
                              -1.813934523822705,
                              -2.1955782844683847,
                              1.2947235735362588,
                              2.39274788675529,
                              0.4378957272239832,
                              -0.0076986570225673345,
                              -1.184446388849497,
                              -2.5696512893319103,
                              0.22574502105899358,
                              2.5978512423425997,
                              0.9429893466870286,
                              0.000614773851285888,
                              -0.6183900605821779,
                              -2.517926321089071
                        ]
                  },
                  "22.0": {
                        "Latitude": [
                              -5.0,
                              -5.0,
                              -5.0,
                              -5.0,
                              -5.0,
                              -5.0,
                              -5.0,
                              -5.0,
                              -5.0,
                              -5.0,
                              -5.0,
                              -5.0,
                              -5.0,
                              -5.0,
                              -5.0,
                              -5.0,
                              -5.0,
                              -5.0,
                              -5.0,
                              -5.0
                        ],
                        "Longitude": [
                              107.0,
                              107.5,
                              108.0,
                              108.5,
                              109.0,
                              109.5,
                              110.0,
                              110.5,
                              111.0,
                              111.5,
                              112.0,
                              112.5,
                              113.0,
                              113.5,
                              114.0,
                              114.5,
                              115.0,
                              115.5,
                              116.0,
                              116.5
                        ],
                        "Generic-EBV-1": [
                              2.591768821222309,
                              0.8613781492426739,
                              9.030158038121627e-05,
                              -0.6898413874968435,
                              -2.5492737545925457,
                              -0.7351153204740666,
                              2.451858068061081,
                              1.474734350535448,
                              0.03436615861226766,
                              -0.27064956645356586,
                              -2.1906947135035257,
                              -1.7122920954341405,
                              1.884369315955822,
                              2.079167892356498,
                              0.20782014929525827,
                              -0.056567347188907435,
                              -1.6108664095287624,
                              -2.3653004941086055,
                              0.9637547469323122,
                              2.4991785703907805
                        ]
                  },
                  "23.0": {
                        "Latitude": [
                              -5.0,
                              -5.0,
                              -5.0,
                              -5.0,
                              -5.0,
                              -5.0,
                              -5.0,
                              -5.0,
                              -5.0,
                              -5.0,
                              -5.0,
                              -5.0,
                              -5.0,
                              -5.0,
                              -5.0,
                              -5.0,
                              -5.0,
                              -5.0,
                              -5.0,
                              -5.0
                        ],
                        "Longitude": [
                              107.0,
                              107.5,
                              108.0,
                              108.5,
                              109.0,
                              109.5,
                              110.0,
                              110.5,
                              111.0,
                              111.5,
                              112.0,
                              112.5,
                              113.0,
                              113.5,
                              114.0,
                              114.5,
                              115.0,
                              115.5,
                              116.0,
                              116.5
                        ],
                        "Generic-EBV-1": [
                              -0.9446825195492069,
                              -2.5978891214029782,
                              -0.22247427733583997,
                              2.5701026529821807,
                              1.1826423897494012,
                              0.007603965128464174,
                              -0.43909238864719,
                              -2.393840127480281,
                              -1.291897233749789,
                              2.1972797848966428,
                              1.8121717460770712,
                              0.10466074131931102,
                              -0.13101752937543543,
                              -1.8950224685320034,
                              -2.1125376838673167,
                              1.4239388642169248,
                              2.3391427371687836,
                              0.3840759324661638,
                              -0.013018851972221579,
                              -1.269058365165736
                        ]
                  },
                  "24.0": {
                        "Latitude": [
                              -5.0,
                              -5.0,
                              -5.0,
                              -5.0,
                              -5.0,
                              -5.0,
                              -5.0,
                              -5.0,
                              -5.0,
                              -5.0,
                              -5.0,
                              -5.0,
                              -5.0,
                              -5.0,
                              -5.0,
                              -5.0,
                              -5.0,
                              -5.0,
                              -5.0,
                              -5.0
                        ],
                        "Longitude": [
                              107.0,
                              107.5,
                              108.0,
                              108.5,
                              109.0,
                              109.5,
                              110.0,
                              110.5,
                              111.0,
                              111.5,
                              112.0,
                              112.5,
                              113.0,
                              113.5,
                              114.0,
                              114.5,
                              115.0,
                              115.5,
                              116.0,
                              116.5
                        ],
                        "Generic-EBV-1": [
                              2.596067150743534,
                              0.9049660529388861,
                              0.00029387941010722285,
                              -0.6509466877499313,
                              -2.5333148131844685,
                              -0.8174981634460154,
                              2.423291184562562,
                              1.5233811340593617,
                              0.04147145703545152,
                              -0.2471374741414818,
                              -2.152030222654924,
                              -1.7754516096940254,
                              1.8248642318053911,
                              2.119995453251376,
                              0.22910285316344559,
                              -0.04783448255188838,
                              -1.5624790910078155,
                              -2.3984397884943456,
                              0.8831556275318451,
                              2.518920920787384
                        ]
                  },
                  "25.0": {
                        "Latitude": [
                              -5.0,
                              -5.0,
                              -5.0,
                              -5.0,
                              -5.0,
                              -5.0,
                              -5.0,
                              -5.0,
                              -5.0,
                              -5.0,
                              -5.0,
                              -5.0,
                              -5.0,
                              -5.0,
                              -5.0,
                              -5.0,
                              -5.0,
                              -5.0,
                              -5.0,
                              -5.0
                        ],
                        "Longitude": [
                              107.0,
                              107.5,
                              108.0,
                              108.5,
                              109.0,
                              109.5,
                              110.0,
                              110.5,
                              111.0,
                              111.5,
                              112.0,
                              112.5,
                              113.0,
                              113.5,
                              114.0,
                              114.5,
                              115.0,
                              115.5,
                              116.0,
                              116.5
                        ],
                        "Generic-EBV-1": [
                              -0.9004069892719715,
                              -2.595731719494674,
                              -0.30854348936144865,
                              2.556982758184358,
                              1.2303742158801803,
                              0.010366984551137881,
                              -0.40812948633543844,
                              -2.364220504179706,
                              -1.3656664732013586,
                              2.1512875452207143,
                              1.8583352162099624,
                              0.1188062648149889,
                              -0.11596459879918164,
                              -1.8493983676094992,
                              -2.1604272531673256,
                              1.3514248635845563,
                              2.370120949850384,
                              0.4140628884225054,
                              -0.009784441677918365,
                              -1.221053228034522
                        ]
                  },
                  "26.0": {
                        "Latitude": [
                              -5.0,
                              -5.0,
                              -5.0,
                              -5.0,
                              -5.0,
                              -5.0,
                              -5.0,
                              -5.0,
                              -5.0,
                              -5.0,
                              -5.0,
                              -5.0,
                              -5.0,
                              -5.0,
                              -5.0,
                              -5.0,
                              -5.0,
                              -5.0,
                              -5.0,
                              -5.0
                        ],
                        "Longitude": [
                              107.0,
                              107.5,
                              108.0,
                              108.5,
                              109.0,
                              109.5,
                              110.0,
                              110.5,
                              111.0,
                              111.5,
                              112.0,
                              112.5,
                              113.0,
                              113.5,
                              114.0,
                              114.5,
                              115.0,
                              115.5,
                              116.0,
                              116.5
                        ],
                        "Generic-EBV-1": [
                              2.5979749171428526,
                              0.9493184235754567,
                              0.0006835696082140019,
                              -0.6130903958920172,
                              -2.515238170112466,
                              -0.898930519038831,
                              2.39218557307381,
                              1.5719156549733504,
                              0.04946136800611989,
                              -0.22486304573583094,
                              -2.112135827261028,
                              -1.8366116064433298,
                              1.763310054619553,
                              2.159656556390032,
                              0.25161778233086207,
                              -0.04002014632907647,
                              -1.5139166156632833,
                              -2.4290522063550615,
                              0.8015308722248506,
                              2.5365894864617555
                        ]
                  }
            }
      }
}
